Activity ID,Activity Date,Activity Name,Activity Type,Elapsed Time,Distance,Elapsed Time.1,Moving Time,Distance.1,Elevation Gain,Average Watts,Max Watts,Weighted Average Power,Average Heart Rate,Max Heart Rate,Average Cadence,Calories,Relative Effort
1000000,"Jan 02, 2024, 12:00:00 AM",Recovery Spin,Virtual Ride,7555,45406.8,7555,7195,45406.8,615.3,140.1,439.0,151.3,126.7,174.6,86.7,987.5,133.3
1000001,"Jan 03, 2024, 12:00:00 AM",Coffee Shop Ride,Ride,8708,57569.4,8708,8294,57569.4,238.3,131.3,466.5,141.8,133.7,167.4,79.5,1252.0,104.0
1000002,"Jan 04, 2024, 12:00:00 AM",Hill Repeats,Ride,1979,12130.1,1979,1885,12130.1,185.7,131.8,396.7,142.3,134.9,166.1,80.8,263.8,145.6
1000003,"Jan 05, 2024, 12:00:00 AM",River Trail Ride,Ride,1399,8749.7,1399,1333,8749.7,43.9,194.3,586.0,209.8,144.7,173.0,81.9,190.3,47.3
1000004,"Jan 06, 2024, 12:00:00 AM",Long Sunday Ride,Virtual Ride,15549,101271.7,15549,14809,101271.7,551.2,131.2,385.6,141.7,151.4,174.3,81.2,2202.5,90.4
1000005,"Jan 09, 2024, 12:00:00 AM",Gravel Grind,Ride,6186,35156.6,6186,5891,35156.6,441.4,122.3,462.5,132.0,137.2,175.1,77.4,764.6,103.2
1000006,"Jan 11, 2024, 12:00:00 AM",Zwift Watopia,Ride,8163,59677.8,8163,7774,59677.8,354.7,147.9,429.1,159.8,150.6,163.9,75.5,1297.9,63.4
1000007,"Jan 15, 2024, 12:00:00 AM",Recovery Spin,Ride,4683,27553.1,4683,4460,27553.1,243.0,165.0,492.8,178.2,126.4,173.1,88.5,599.2,136.6
1000008,"Jan 17, 2024, 12:00:00 AM",River Trail Ride,Ride,7517,54487.3,7517,7159,54487.3,496.2,139.9,547.6,151.1,132.5,159.9,91.6,1185.0,30.2
1000009,"Jan 19, 2024, 12:00:00 AM",Commute,Virtual Ride,2922,18636.2,2922,2783,18636.2,296.5,120.3,325.8,129.9,150.0,174.4,78.8,405.3,134.1
1000010,"Jan 21, 2024, 12:00:00 AM",Zwift Watopia,Ride,5277,34022.4,5277,5026,34022.4,392.1,174.2,696.3,188.2,144.1,199.0,79.5,739.9,88.4
1000011,"Jan 22, 2024, 12:00:00 AM",Hill Repeats,Ride,17462,98401.5,17462,16630,98401.5,515.8,116.0,363.6,125.3,152.5,179.2,85.1,2140.0,59.9
1000012,"Jan 23, 2024, 12:00:00 AM",Recovery Spin,Ride,9191,70364.8,9191,8753,70364.8,760.1,134.1,337.6,144.9,137.5,168.6,88.0,1530.3,159.4
1000013,"Jan 26, 2024, 12:00:00 AM",Long Sunday Ride,Virtual Ride,8903,61428.1,8903,8479,61428.1,323.5,172.2,431.2,185.9,142.1,169.5,89.0,1335.9,37.6
1000014,"Jan 31, 2024, 12:00:00 AM",Recovery Spin,Ride,16468,113067.8,16468,15683,113067.8,1690.0,170.6,465.6,184.2,136.5,150.8,87.1,2459.0,55.5
1000015,"Feb 02, 2024, 12:00:00 AM",Zwift Watopia,Ride,4417,29439.3,4417,4207,29439.3,111.7,129.2,344.7,139.5,142.6,155.8,79.3,640.2,175.5
1000016,"Feb 03, 2024, 12:00:00 AM",Coffee Shop Ride,Ride,9407,68225.9,9407,8959,68225.9,475.0,145.0,568.3,156.6,119.9,163.4,79.0,1483.8,25.9
1000017,"Feb 04, 2024, 12:00:00 AM",Hill Repeats,Virtual Ride,6429,36530.9,6429,6122,36530.9,506.7,194.7,625.5,210.2,145.7,169.9,81.6,794.5,98.3
1000018,"Feb 05, 2024, 12:00:00 AM",Coffee Shop Ride,Ride,3810,28169.9,3810,3629,28169.9,264.7,160.8,584.3,173.7,126.2,165.8,89.6,612.6,136.5
1000019,"Feb 08, 2024, 12:00:00 AM",Commute,Virtual Ride,10773,68192.6,10773,10260,68192.6,1071.6,117.7,333.9,127.1,129.4,172.6,82.0,1483.1,49.8
1000020,"Feb 09, 2024, 12:00:00 AM",River Trail Ride,Ride,9189,55364.8,9189,8752,55364.8,371.4,179.9,465.7,194.3,150.5,172.1,82.8,1204.1,56.2
1000021,"Feb 10, 2024, 12:00:00 AM",Gravel Grind,Ride,22968,143284.4,22968,21875,143284.4,1519.4,156.6,441.8,169.1,129.0,177.0,84.0,3116.1,42.0
1000022,"Feb 11, 2024, 12:00:00 AM",Commute,Ride,3378,22808.1,3378,3217,22808.1,229.3,139.5,388.6,150.7,135.7,176.4,91.3,496.0,108.8
1000023,"Feb 12, 2024, 12:00:00 AM",Morning Loop,Ride,7155,46058.9,7155,6815,46058.9,459.6,139.5,554.8,150.7,137.5,160.5,92.1,1001.7,75.9
1000024,"Feb 13, 2024, 12:00:00 AM",Coffee Shop Ride,Virtual Ride,7345,45959.6,7345,6995,45959.6,699.1,152.0,502.4,164.2,147.4,181.7,86.4,999.5,21.5
1000025,"Feb 14, 2024, 12:00:00 AM",River Trail Ride,Ride,8205,53498.9,8205,7815,53498.9,822.9,149.7,567.5,161.6,125.4,180.4,93.0,1163.5,55.9
1000026,"Feb 15, 2024, 12:00:00 AM",River Trail Ride,Ride,19333,148137.0,19333,18413,148137.0,2203.0,131.2,495.1,141.7,126.4,178.2,92.6,3221.7,155.9
1000027,"Feb 16, 2024, 12:00:00 AM",Morning Loop,Virtual Ride,8829,52884.3,8829,8408,52884.3,481.5,184.3,461.2,199.0,123.6,165.8,90.3,1150.1,121.0
1000028,"Feb 17, 2024, 12:00:00 AM",Recovery Spin,Ride,4323,31157.7,4323,4117,31157.7,235.9,201.1,649.5,217.2,141.1,160.7,84.8,677.6,135.6
1000029,"Feb 18, 2024, 12:00:00 AM",Morning Loop,Ride,3369,19066.7,3369,3208,19066.7,258.2,156.1,403.7,168.6,138.5,177.9,82.3,414.7,81.6
1000030,"Feb 19, 2024, 12:00:00 AM",Recovery Spin,Virtual Ride,7048,51804.3,7048,6712,51804.3,304.4,128.0,355.7,138.3,133.8,177.7,85.6,1126.6,131.4
1000031,"Feb 20, 2024, 12:00:00 AM",Coffee Shop Ride,Ride,3553,21448.6,3553,3384,21448.6,115.3,149.7,383.2,161.7,152.7,172.4,90.2,466.5,132.4
1000032,"Feb 21, 2024, 12:00:00 AM",Gravel Grind,Ride,8757,59004.8,8757,8340,59004.8,471.0,164.8,589.0,178.0,132.8,174.4,86.5,1283.2,166.1
1000033,"Feb 22, 2024, 12:00:00 AM",Zwift Watopia,Ride,6577,45808.1,6577,6264,45808.1,355.7,223.8,873.7,241.7,156.0,179.9,86.4,996.2,74.1
1000034,"Feb 23, 2024, 12:00:00 AM",Recovery Spin,Ride,5757,38764.1,5757,5482,38764.1,198.2,150.1,435.1,162.2,129.7,171.7,81.8,843.0,106.8
1000035,"Feb 27, 2024, 12:00:00 AM",Recovery Spin,Virtual Ride,6795,49670.7,6795,6471,49670.7,651.4,114.9,428.0,124.1,129.3,169.3,94.4,1080.2,54.5
1000036,"Feb 28, 2024, 12:00:00 AM",River Trail Ride,Ride,5022,37836.1,5022,4783,37836.1,210.7,195.0,704.6,210.6,162.1,182.9,90.0,822.9,176.1
1000037,"Feb 29, 2024, 12:00:00 AM",Gravel Grind,Ride,1606,9610.1,1606,1529,9610.1,80.1,151.0,434.4,163.1,134.7,158.6,80.4,209.0,47.7
1000038,"Mar 02, 2024, 12:00:00 AM",Zwift Watopia,Ride,10391,75862.6,10391,9896,75862.6,331.7,153.8,531.4,166.1,120.7,179.6,92.6,1649.9,64.8
1000039,"Mar 03, 2024, 12:00:00 AM",Morning Loop,Virtual Ride,13552,90924.6,13552,12906,90924.6,860.0,168.2,658.8,181.6,131.2,161.8,83.6,1977.4,35.7
1000040,"Mar 05, 2024, 12:00:00 AM",Long Sunday Ride,Virtual Ride,20909,132163.7,20909,19913,132163.7,1468.7,185.1,548.3,199.9,124.5,171.2,73.0,2874.3,118.5
1000041,"Mar 10, 2024, 12:00:00 AM",Long Sunday Ride,Ride,2849,16395.7,2849,2713,16395.7,231.7,145.5,527.2,157.1,134.4,172.5,99.1,356.6,157.0
1000042,"Mar 12, 2024, 12:00:00 AM",Long Sunday Ride,Virtual Ride,2788,20181.7,2788,2655,20181.7,123.8,157.4,567.4,170.0,137.6,172.5,88.9,438.9,112.1
1000043,"Mar 13, 2024, 12:00:00 AM",Coffee Shop Ride,Ride,5217,37788.6,5217,4969,37788.6,576.0,135.9,500.4,146.8,165.3,177.5,85.4,821.8,81.8
1000044,"Mar 14, 2024, 12:00:00 AM",Commute,Ride,5549,40859.4,5549,5285,40859.4,275.3,135.9,506.9,146.7,150.6,168.3,81.3,888.6,131.5
1000045,"Mar 16, 2024, 12:00:00 AM",River Trail Ride,Ride,4579,29231.0,4579,4361,29231.0,218.7,155.7,454.4,168.2,147.0,167.0,90.3,635.7,48.4
1000046,"Mar 18, 2024, 12:00:00 AM",River Trail Ride,Ride,7653,51098.4,7653,7289,51098.4,829.8,160.8,465.0,173.7,118.5,162.2,81.0,1111.3,168.9
1000047,"Mar 19, 2024, 12:00:00 AM",Zwift Watopia,Ride,10955,61528.3,10955,10433,61528.3,719.7,179.7,533.9,194.1,134.7,168.7,86.6,1338.1,164.4
1000048,"Mar 21, 2024, 12:00:00 AM",Long Sunday Ride,Virtual Ride,9678,65444.9,9678,9217,65444.9,468.9,149.2,580.3,161.2,137.1,178.8,83.4,1423.3,172.0
1000049,"Mar 22, 2024, 12:00:00 AM",Zwift Watopia,Ride,3547,25236.3,3547,3378,25236.3,320.0,187.1,734.2,202.1,152.8,157.7,82.3,548.8,72.6
1000050,"Mar 26, 2024, 12:00:00 AM",Zwift Watopia,Ride,9286,61426.1,9286,8844,61426.1,775.8,165.0,485.7,178.2,131.6,171.9,72.5,1335.9,162.0
1000051,"Mar 27, 2024, 12:00:00 AM",Hill Repeats,Ride,10517,79265.9,10517,10016,79265.9,1012.0,161.5,476.7,174.4,156.3,168.5,86.2,1723.9,151.5
1000052,"Mar 29, 2024, 12:00:00 AM",Zwift Watopia,Ride,4246,27390.7,4246,4044,27390.7,314.4,154.0,487.2,166.3,153.9,168.2,81.0,595.7,33.4
1000053,"Mar 30, 2024, 12:00:00 AM",Hill Repeats,Ride,8986,66978.1,8986,8558,66978.1,960.5,108.7,318.1,117.4,158.8,169.6,85.0,1456.6,95.0
1000054,"Apr 02, 2024, 12:00:00 AM",Coffee Shop Ride,Virtual Ride,6912,41714.1,6912,6583,41714.1,329.7,133.1,342.0,143.8,145.9,172.7,76.3,907.2,159.0
1000055,"Apr 06, 2024, 12:00:00 AM",Long Sunday Ride,Ride,3251,21978.7,3251,3096,21978.7,292.6,151.3,433.7,163.4,151.8,175.8,85.3,478.0,103.7
1000056,"Apr 08, 2024, 12:00:00 AM",Long Sunday Ride,Ride,9699,69585.8,9699,9237,69585.8,361.9,169.3,627.3,182.8,154.4,186.5,84.3,1513.4,119.2
1000057,"Apr 13, 2024, 12:00:00 AM",Recovery Spin,Ride,17880,116648.7,17880,17028,116648.7,1263.2,170.0,667.1,183.5,138.1,161.2,91.2,2536.9,32.4
1000058,"Apr 23, 2024, 12:00:00 AM",Recovery Spin,Ride,1524,10508.2,1524,1452,10508.2,146.5,158.3,452.7,171.0,129.2,175.9,77.1,228.5,169.2
1000059,"Apr 26, 2024, 12:00:00 AM",Hill Repeats,Ride,10921,81212.8,10921,10401,81212.8,394.4,174.9,619.2,188.9,134.4,158.3,93.1,1766.2,175.2
1000060,"Apr 28, 2024, 12:00:00 AM",Coffee Shop Ride,Ride,6091,40750.5,6091,5801,40750.5,379.0,157.0,484.2,169.6,120.9,167.2,85.0,886.2,143.0
1000061,"May 01, 2024, 12:00:00 AM",Zwift Watopia,Ride,5366,36281.4,5366,5111,36281.4,366.9,142.6,440.0,154.0,147.5,163.5,84.1,789.0,172.6
1000062,"May 09, 2024, 12:00:00 AM",Long Sunday Ride,Ride,2459,15650.4,2459,2342,15650.4,198.1,162.8,612.4,175.9,121.6,182.2,87.0,340.4,103.2
1000063,"May 16, 2024, 12:00:00 AM",Gravel Grind,Ride,3155,23291.0,3155,3005,23291.0,144.3,176.2,496.3,190.2,140.8,188.5,95.5,506.5,160.3
1000064,"May 22, 2024, 12:00:00 AM",Zwift Watopia,Ride,22557,125781.1,22557,21483,125781.1,1376.0,165.8,431.7,179.1,156.4,164.3,89.1,2735.5,41.8
1000065,"May 24, 2024, 12:00:00 AM",Hill Repeats,Ride,16104,97614.0,16104,15337,97614.0,1455.8,174.2,559.3,188.2,118.9,162.5,72.8,2122.9,164.7
1000066,"May 25, 2024, 12:00:00 AM",Zwift Watopia,Virtual Ride,6013,39236.5,6013,5727,39236.5,281.9,109.7,374.2,118.5,159.5,161.0,74.8,853.3,93.5
1000067,"May 27, 2024, 12:00:00 AM",Morning Loop,Ride,4531,34388.4,4531,4315,34388.4,179.5,111.9,376.3,120.8,138.9,161.6,89.0,747.9,32.1
1000068,"May 31, 2024, 12:00:00 AM",Gravel Grind,Ride,2560,18697.5,2560,2438,18697.5,131.0,163.2,555.1,176.3,139.2,179.6,79.1,406.6,50.8
1000069,"Jun 01, 2024, 12:00:00 AM",Long Sunday Ride,Ride,6328,45567.0,6328,6026,45567.0,382.4,142.9,372.1,154.4,130.5,171.1,78.8,991.0,53.0
1000070,"Jun 03, 2024, 12:00:00 AM",Zwift Watopia,Ride,5545,36478.9,5545,5281,36478.9,347.8,108.0,404.2,116.6,131.6,173.7,84.3,793.3,149.0
1000071,"Jun 08, 2024, 12:00:00 AM",Long Sunday Ride,Ride,4711,31475.0,4711,4487,31475.0,321.0,143.3,485.7,154.8,133.1,169.8,71.2,684.5,118.9
1000072,"Jun 09, 2024, 12:00:00 AM",Commute,Ride,3327,25038.7,3327,3169,25038.7,187.4,110.1,352.1,119.0,146.9,174.5,103.5,544.5,37.1
1000073,"Jun 12, 2024, 12:00:00 AM",Gravel Grind,Ride,10199,60403.0,10199,9714,60403.0,398.7,122.0,466.2,131.8,142.4,165.9,76.5,1313.6,23.2
1000074,"Jun 14, 2024, 12:00:00 AM",Long Sunday Ride,Ride,15872,119885.8,15872,15116,119885.8,590.2,141.3,514.0,152.6,127.0,185.5,90.3,2607.3,146.3
1000075,"Jun 19, 2024, 12:00:00 AM",Zwift Watopia,Ride,3079,21579.7,3079,2932,21579.7,169.3,154.5,509.2,166.8,158.3,176.3,78.8,469.3,65.4
1000076,"Jun 22, 2024, 12:00:00 AM",River Trail Ride,Ride,5236,32001.5,5236,4986,32001.5,227.9,173.2,515.0,187.1,162.9,160.8,88.4,696.0,36.3
1000077,"Jun 26, 2024, 12:00:00 AM",Recovery Spin,Ride,4506,27592.7,4506,4291,27592.7,320.2,142.4,565.4,153.8,132.9,165.1,85.3,600.1,85.7
1000078,"Jun 28, 2024, 12:00:00 AM",Hill Repeats,Ride,3586,22156.6,3586,3415,22156.6,291.9,150.2,595.1,162.2,129.1,167.4,89.5,481.9,47.3
1000079,"Jul 01, 2024, 12:00:00 AM",Gravel Grind,Ride,7006,46100.1,7006,6672,46100.1,708.0,159.3,503.5,172.1,120.0,176.3,81.0,1002.6,71.8
1000080,"Jul 02, 2024, 12:00:00 AM",River Trail Ride,Ride,16896,127371.0,16896,16092,127371.0,1289.2,166.6,435.1,179.9,120.5,172.4,86.6,2770.1,66.2
1000081,"Jul 04, 2024, 12:00:00 AM",Coffee Shop Ride,Virtual Ride,20593,138654.2,20593,19612,138654.2,1083.7,137.2,500.4,148.2,139.2,162.3,81.1,3015.5,73.9
1000082,"Jul 07, 2024, 12:00:00 AM",Long Sunday Ride,Ride,5588,36289.2,5588,5322,36289.2,350.5,175.6,602.5,189.6,133.1,178.7,78.2,789.2,141.6
1000083,"Jul 11, 2024, 12:00:00 AM",Hill Repeats,Ride,3406,23644.5,3406,3244,23644.5,138.8,204.3,558.8,220.7,146.9,170.4,87.2,514.2,170.1
1000084,"Jul 12, 2024, 12:00:00 AM",Gravel Grind,Ride,3882,25370.9,3882,3697,25370.9,107.1,157.4,559.6,170.0,138.1,181.3,86.5,551.8,42.4
1000085,"Jul 13, 2024, 12:00:00 AM",Coffee Shop Ride,Ride,3400,25511.4,3400,3238,25511.4,363.1,167.5,555.6,180.9,144.7,168.6,86.7,554.8,77.4
1000086,"Jul 17, 2024, 12:00:00 AM",Gravel Grind,Ride,14429,89313.0,14429,13742,89313.0,1225.1,180.0,576.4,194.4,135.1,155.7,79.0,1942.4,94.0
1000087,"Jul 18, 2024, 12:00:00 AM",Commute,Virtual Ride,9588,58626.0,9588,9131,58626.0,641.8,139.1,356.1,150.2,143.9,170.2,90.0,1275.0,165.0
1000088,"Jul 19, 2024, 12:00:00 AM",Morning Loop,Ride,1357,8239.3,1357,1293,8239.3,41.2,126.4,443.6,136.6,153.7,174.7,82.5,179.2,119.2
1000089,"Jul 20, 2024, 12:00:00 AM",Commute,Ride,18922,135194.1,18922,18021,135194.1,1355.4,159.7,442.7,172.5,143.0,168.3,79.9,2940.2,59.8
1000090,"Jul 21, 2024, 12:00:00 AM",Zwift Watopia,Ride,10833,71300.6,10833,10317,71300.6,356.3,164.2,489.4,177.3,152.5,167.9,83.4,1550.6,147.6
1000091,"Jul 22, 2024, 12:00:00 AM",Long Sunday Ride,Ride,3153,20216.6,3153,3003,20216.6,209.4,171.3,569.6,185.0,128.9,179.0,93.1,439.7,131.0
1000092,"Jul 23, 2024, 12:00:00 AM",Long Sunday Ride,Ride,2087,12988.8,2087,1987,12988.8,216.3,161.8,604.8,174.8,118.7,184.0,88.9,282.5,44.5
1000093,"Jul 24, 2024, 12:00:00 AM",Recovery Spin,Ride,5275,34387.7,5275,5024,34387.7,155.0,205.2,745.7,221.6,141.6,172.9,89.4,747.9,131.5
1000094,"Jul 27, 2024, 12:00:00 AM",Commute,Virtual Ride,5269,39568.6,5269,5018,39568.6,379.7,165.2,654.2,178.4,162.6,182.8,94.6,860.5,169.5
1000095,"Jul 28, 2024, 12:00:00 AM",Recovery Spin,Ride,4558,26769.4,4558,4341,26769.4,296.9,136.6,387.6,147.6,138.5,172.4,91.6,582.2,114.6
1000096,"Jul 30, 2024, 12:00:00 AM",Gravel Grind,Ride,3703,25607.1,3703,3527,25607.1,149.3,153.8,447.7,166.1,127.9,158.8,89.9,556.9,75.4
1000097,"Aug 02, 2024, 12:00:00 AM",Recovery Spin,Ride,5790,36778.6,5790,5514,36778.6,588.8,149.9,405.5,161.9,160.0,169.9,76.0,799.9,42.5
1000098,"Aug 03, 2024, 12:00:00 AM",Recovery Spin,Ride,4798,35282.7,4798,4569,35282.7,292.6,130.3,326.2,140.7,137.2,177.6,96.1,767.3,22.1
1000099,"Aug 06, 2024, 12:00:00 AM",Commute,Ride,8213,60587.7,8213,7822,60587.7,588.2,151.4,503.9,163.5,126.7,192.6,85.4,1317.7,30.7
1000100,"Aug 07, 2024, 12:00:00 AM",Coffee Shop Ride,Ride,3668,22817.9,3668,3493,22817.9,143.5,170.3,485.5,183.9,133.1,167.6,84.8,496.2,110.4
1000101,"Aug 09, 2024, 12:00:00 AM",Long Sunday Ride,Ride,3734,26278.2,3734,3556,26278.2,382.2,151.8,560.0,164.0,158.0,150.8,91.5,571.5,84.1
1000102,"Aug 10, 2024, 12:00:00 AM",Zwift Watopia,Ride,2344,17791.1,2344,2232,17791.1,97.2,161.0,613.7,173.9,123.1,165.8,78.3,386.9,24.1
1000103,"Aug 11, 2024, 12:00:00 AM",Long Sunday Ride,Ride,12092,78692.7,12092,11516,78692.7,1051.8,175.7,694.9,189.8,155.3,177.8,78.2,1711.4,23.2
1000104,"Aug 12, 2024, 12:00:00 AM",Long Sunday Ride,Ride,6109,37262.9,6109,5818,37262.9,449.0,154.4,583.4,166.8,125.3,177.7,83.6,810.4,135.6
1000105,"Aug 15, 2024, 12:00:00 AM",Recovery Spin,Virtual Ride,4093,28917.5,4093,3898,28917.5,400.7,149.9,390.2,161.9,153.9,163.4,88.7,628.9,66.9
1000106,"Aug 16, 2024, 12:00:00 AM",Long Sunday Ride,Ride,1650,12636.1,1650,1571,12636.1,173.0,192.5,700.7,207.9,133.7,180.4,80.8,274.8,114.4
1000107,"Aug 18, 2024, 12:00:00 AM",Zwift Watopia,Ride,2466,15226.5,2466,2349,15226.5,63.5,131.6,387.1,142.2,161.1,155.3,95.2,331.1,67.1
1000108,"Aug 19, 2024, 12:00:00 AM",Hill Repeats,Virtual Ride,24791,165248.1,24791,23610,165248.1,1865.8,146.4,383.3,158.1,144.8,171.7,91.6,3593.8,163.1
1000109,"Aug 21, 2024, 12:00:00 AM",Commute,Ride,3952,29553.9,3952,3763,29553.9,168.0,184.3,587.8,199.0,143.7,158.3,76.9,642.7,42.3
1000110,"Aug 22, 2024, 12:00:00 AM",Recovery Spin,Virtual Ride,7816,51003.3,7816,7444,51003.3,387.7,157.8,499.0,170.4,144.2,167.7,80.3,1109.2,22.9
1000111,"Aug 23, 2024, 12:00:00 AM",Gravel Grind,Ride,1887,13013.7,1887,1797,13013.7,122.5,168.5,497.5,182.0,152.3,175.8,86.5,283.0,116.1
1000112,"Aug 26, 2024, 12:00:00 AM",Gravel Grind,Virtual Ride,9027,56860.9,9027,8597,56860.9,438.4,120.7,452.1,130.4,124.6,167.0,85.2,1236.6,46.6
1000113,"Aug 27, 2024, 12:00:00 AM",Morning Loop,Ride,20336,150009.4,20336,19368,150009.4,2116.1,161.3,583.6,174.2,130.9,167.1,76.6,3262.4,66.2
1000114,"Aug 31, 2024, 12:00:00 AM",Gravel Grind,Ride,11072,66447.9,11072,10545,66447.9,419.2,140.0,501.5,151.2,128.6,193.1,88.0,1445.1,137.2
1000115,"Sep 01, 2024, 12:00:00 AM",Morning Loop,Ride,5665,38934.3,5665,5395,38934.3,613.8,146.2,462.3,157.9,141.5,192.5,84.4,846.7,73.5
1000116,"Sep 02, 2024, 12:00:00 AM",Long Sunday Ride,Virtual Ride,5113,29284.9,5113,4870,29284.9,225.5,162.6,438.8,175.6,139.6,186.2,81.2,636.9,59.4
1000117,"Sep 03, 2024, 12:00:00 AM",Hill Repeats,Ride,12093,80602.9,12093,11517,80602.9,1281.5,170.5,637.0,184.1,151.7,177.0,75.6,1753.0,77.8
1000118,"Sep 04, 2024, 12:00:00 AM",River Trail Ride,Ride,2271,16184.7,2271,2163,16184.7,134.0,153.3,400.6,165.6,144.6,176.9,88.4,352.0,130.8
1000119,"Sep 06, 2024, 12:00:00 AM",Recovery Spin,Ride,8519,59384.6,8519,8113,59384.6,537.8,156.5,576.9,169.0,120.1,175.4,86.2,1291.5,48.9
1000120,"Sep 07, 2024, 12:00:00 AM",Gravel Grind,Ride,8119,52798.0,8119,7732,52798.0,671.0,160.6,599.7,173.5,127.0,180.4,84.8,1148.2,157.9
1000121,"Sep 09, 2024, 12:00:00 AM",Recovery Spin,Ride,8869,49560.5,8869,8446,49560.5,768.7,176.8,603.7,190.9,133.8,172.8,82.2,1077.8,56.8
1000122,"Sep 10, 2024, 12:00:00 AM",Long Sunday Ride,Virtual Ride,2976,19416.5,2976,2834,19416.5,254.0,183.6,471.4,198.3,137.8,168.5,93.7,422.3,71.0
1000123,"Sep 11, 2024, 12:00:00 AM",Recovery Spin,Virtual Ride,6773,39165.6,6773,6451,39165.6,270.3,163.4,519.7,176.5,150.7,172.7,91.4,851.8,170.3
1000124,"Sep 15, 2024, 12:00:00 AM",River Trail Ride,Ride,10774,63179.4,10774,10261,63179.4,586.8,144.5,494.7,156.1,167.6,169.1,82.3,1374.0,87.4
1000125,"Sep 17, 2024, 12:00:00 AM",Coffee Shop Ride,Ride,11613,69650.9,11613,11060,69650.9,674.5,149.8,396.9,161.8,136.6,161.2,79.5,1514.8,67.4
1000126,"Sep 19, 2024, 12:00:00 AM",Coffee Shop Ride,Ride,1641,10336.6,1641,1563,10336.6,93.7,134.1,526.3,144.9,151.8,170.3,84.7,224.8,118.1
1000127,"Sep 21, 2024, 12:00:00 AM",Morning Loop,Ride,7164,49406.1,7164,6823,49406.1,823.2,161.7,463.2,174.6,145.9,174.3,99.7,1074.5,56.9
1000128,"Sep 22, 2024, 12:00:00 AM",Coffee Shop Ride,Ride,4695,26672.6,4695,4471,26672.6,371.6,146.4,544.5,158.1,132.4,181.5,93.5,580.1,131.4
1000129,"Sep 23, 2024, 12:00:00 AM",Gravel Grind,Ride,3585,25866.3,3585,3415,25866.3,302.4,147.3,400.3,159.1,147.6,173.6,75.9,562.5,114.9
1000130,"Sep 24, 2024, 12:00:00 AM",Morning Loop,Virtual Ride,3730,22032.9,3730,3552,22032.9,276.6,161.7,491.1,174.6,132.6,168.9,86.7,479.2,124.8
1000131,"Sep 27, 2024, 12:00:00 AM",River Trail Ride,Ride,7228,41956.7,7228,6883,41956.7,393.1,154.9,498.0,167.3,130.4,161.0,80.6,912.5,135.7
1000132,"Sep 29, 2024, 12:00:00 AM",Morning Loop,Ride,20049,132472.2,20049,19094,132472.2,2162.2,148.2,572.4,160.0,142.7,171.9,92.1,2881.0,96.9
1000133,"Oct 01, 2024, 12:00:00 AM",Long Sunday Ride,Ride,11194,62703.4,11194,10661,62703.4,1067.6,165.4,440.4,178.7,148.2,186.8,88.5,1363.7,147.6
1000134,"Oct 03, 2024, 12:00:00 AM",Hill Repeats,Ride,4689,29169.1,4689,4465,29169.1,167.9,175.0,603.8,189.0,146.1,180.5,92.0,634.4,119.0
1000135,"Oct 05, 2024, 12:00:00 AM",Long Sunday Ride,Virtual Ride,3707,24707.5,3707,3530,24707.5,242.2,168.3,597.8,181.7,138.0,173.2,92.2,537.3,45.7
1000136,"Oct 10, 2024, 12:00:00 AM",Commute,Ride,3711,22346.7,3711,3534,22346.7,185.1,159.3,572.8,172.1,155.3,173.5,85.3,486.0,121.1
1000137,"Oct 11, 2024, 12:00:00 AM",Commute,Virtual Ride,8431,51240.5,8431,8029,51240.5,841.9,131.8,493.9,142.3,136.3,173.8,86.5,1114.4,174.1
1000138,"Oct 12, 2024, 12:00:00 AM",Recovery Spin,Virtual Ride,17069,121319.2,17069,16256,121319.2,1765.2,190.4,749.1,205.6,147.3,173.5,82.3,2638.4,68.2
1000139,"Oct 15, 2024, 12:00:00 AM",Morning Loop,Ride,5189,39116.9,5189,4942,39116.9,367.5,161.5,549.3,174.5,131.6,181.6,75.9,850.7,27.3
1000140,"Oct 16, 2024, 12:00:00 AM",Coffee Shop Ride,Ride,7120,42636.3,7120,6781,42636.3,532.7,148.4,448.9,160.2,158.8,171.5,81.7,927.3,63.8
1000141,"Oct 18, 2024, 12:00:00 AM",Recovery Spin,Ride,2462,14813.6,2462,2345,14813.6,140.4,114.9,428.5,124.1,147.8,179.9,91.7,322.2,63.7
1000142,"Oct 21, 2024, 12:00:00 AM",Hill Repeats,Ride,8983,65586.0,8983,8555,65586.0,481.0,154.5,563.0,166.9,126.2,171.1,88.8,1426.4,122.2
1000143,"Oct 23, 2024, 12:00:00 AM",River Trail Ride,Virtual Ride,4125,24091.3,4125,3928,24091.3,301.2,154.2,531.9,166.5,144.2,162.0,93.7,523.9,158.3
1000144,"Oct 24, 2024, 12:00:00 AM",Zwift Watopia,Virtual Ride,7609,45598.9,7609,7246,45598.9,426.5,158.4,470.2,171.1,144.1,175.7,88.4,991.7,141.8
1000145,"Oct 25, 2024, 12:00:00 AM",Hill Repeats,Virtual Ride,6517,44345.6,6517,6207,44345.6,687.3,163.0,558.5,176.0,148.5,171.3,93.6,964.4,38.8
1000146,"Oct 27, 2024, 12:00:00 AM",Gravel Grind,Ride,6516,42801.3,6516,6205,42801.3,413.0,143.9,470.4,155.4,139.5,160.6,85.8,930.8,63.0
1000147,"Oct 28, 2024, 12:00:00 AM",Recovery Spin,Ride,22113,154320.3,22113,21060,154320.3,1798.0,145.5,373.6,157.1,134.6,156.9,82.3,3356.2,116.0
1000148,"Oct 31, 2024, 12:00:00 AM",Gravel Grind,Ride,1142,6838.8,1142,1088,6838.8,38.3,174.8,468.6,188.8,145.1,164.3,84.7,148.7,58.7
1000149,"Nov 03, 2024, 12:00:00 AM",Zwift Watopia,Virtual Ride,16760,100978.3,16760,15962,100978.3,1130.5,158.7,602.0,171.4,137.3,172.2,86.3,2196.1,34.1
1000150,"Nov 04, 2024, 12:00:00 AM",Long Sunday Ride,Ride,16269,121953.2,16269,15494,121953.2,1855.8,118.3,421.8,127.8,128.0,169.8,95.8,2652.2,148.1
1000151,"Nov 06, 2024, 12:00:00 AM",Commute,Ride,17837,111055.6,17837,16987,111055.6,1600.5,172.0,667.4,185.8,156.8,179.4,85.4,2415.2,133.4
1000152,"Nov 07, 2024, 12:00:00 AM",Recovery Spin,Virtual Ride,4087,24740.3,4087,3892,24740.3,286.9,177.1,674.1,191.3,147.6,180.4,81.8,538.1,32.8
1000153,"Nov 09, 2024, 12:00:00 AM",Recovery Spin,Ride,6593,37565.8,6593,6279,37565.8,457.7,178.2,687.8,192.5,164.9,166.5,95.4,817.0,33.1
1000154,"Nov 14, 2024, 12:00:00 AM",River Trail Ride,Virtual Ride,16949,100931.4,16949,16142,100931.4,1188.4,163.3,597.4,176.3,132.2,168.1,83.1,2195.1,176.1
1000155,"Nov 25, 2024, 12:00:00 AM",Gravel Grind,Ride,18677,120958.8,18677,17788,120958.8,943.8,167.9,508.3,181.3,146.3,167.4,84.9,2630.6,108.9
1000156,"Nov 26, 2024, 12:00:00 AM",Gravel Grind,Virtual Ride,16318,91623.9,16318,15541,91623.9,795.0,160.1,608.0,173.0,141.4,176.9,78.9,1992.6,31.6
1000157,"Dec 09, 2024, 12:00:00 AM",Zwift Watopia,Ride,17163,98780.5,17163,16346,98780.5,1551.7,154.3,405.2,166.6,120.0,175.2,88.9,2148.3,138.8
1000158,"Dec 11, 2024, 12:00:00 AM",Hill Repeats,Ride,1427,10911.2,1427,1359,10911.2,117.1,141.4,548.2,152.7,142.7,180.4,95.1,237.3,97.9
1000159,"Dec 15, 2024, 12:00:00 AM",Recovery Spin,Ride,4414,27580.5,4414,4204,27580.5,225.0,156.0,456.4,168.5,150.6,177.2,75.5,599.8,166.0
1000160,"Dec 20, 2024, 12:00:00 AM",Long Sunday Ride,Virtual Ride,7916,46200.3,7916,7539,46200.3,389.3,134.4,478.7,145.1,132.5,175.2,88.0,1004.8,48.7
1000161,"Dec 21, 2024, 12:00:00 AM",Hill Repeats,Ride,5858,40447.4,5858,5579,40447.4,329.4,158.9,594.9,171.6,154.1,176.3,82.8,879.7,91.2
1000162,"Dec 27, 2024, 12:00:00 AM",Commute,Virtual Ride,1364,8077.4,1364,1299,8077.4,53.5,164.1,656.5,177.2,135.7,163.0,77.2,175.7,143.8
1000163,"Dec 28, 2024, 12:00:00 AM",Recovery Spin,Ride,8526,61498.6,8526,8120,61498.6,646.9,158.5,606.2,171.2,145.7,172.6,77.3,1337.5,73.9
1000164,"Dec 29, 2024, 12:00:00 AM",Long Sunday Ride,Virtual Ride,4301,30825.1,4301,4096,30825.1,170.3,184.1,510.1,198.8,158.0,178.8,82.9,670.4,25.9
1000165,"Jan 03, 2025, 12:00:00 AM",Gravel Grind,Ride,4150,29332.5,4150,3953,29332.5,488.2,153.0,562.2,165.2,164.9,175.1,87.6,637.9,113.7
1000166,"Jan 04, 2025, 12:00:00 AM",Coffee Shop Ride,Ride,3964,30088.3,3964,3775,30088.3,426.9,167.0,654.7,180.3,139.1,171.7,89.4,654.4,26.3
1000167,"Jan 07, 2025, 12:00:00 AM",Coffee Shop Ride,Ride,5463,36374.8,5463,5203,36374.8,603.8,174.0,471.2,187.9,139.0,172.6,73.0,791.1,26.7
1000168,"Jan 08, 2025, 12:00:00 AM",River Trail Ride,Ride,5144,38045.0,5144,4899,38045.0,423.8,168.4,551.3,181.9,152.0,148.8,97.5,827.4,42.3
1000169,"Jan 09, 2025, 12:00:00 AM",Recovery Spin,Virtual Ride,16802,98731.3,16802,16002,98731.3,962.1,156.6,494.1,169.1,153.3,163.7,88.7,2147.2,175.2
1000170,"Jan 11, 2025, 12:00:00 AM",Morning Loop,Ride,3070,19281.4,3070,2924,19281.4,79.9,146.9,449.5,158.6,163.0,170.5,86.3,419.3,130.8
1000171,"Jan 12, 2025, 12:00:00 AM",River Trail Ride,Ride,26153,157257.4,26153,24908,157257.4,1260.1,162.3,564.1,175.3,144.4,191.2,84.7,3420.0,159.0
1000172,"Jan 14, 2025, 12:00:00 AM",Hill Repeats,Ride,3798,27736.8,3798,3618,27736.8,361.0,160.7,514.7,173.5,153.3,181.5,88.8,603.2,83.0
1000173,"Jan 17, 2025, 12:00:00 AM",Recovery Spin,Ride,3109,18197.6,3109,2961,18197.6,295.8,165.3,605.8,178.6,130.9,171.5,87.0,395.8,159.3
1000174,"Jan 18, 2025, 12:00:00 AM",Commute,Virtual Ride,25357,153221.4,25357,24150,153221.4,1878.3,191.5,719.3,206.9,145.4,170.0,90.8,3332.3,72.3
1000175,"Jan 19, 2025, 12:00:00 AM",Hill Repeats,Ride,8503,58505.2,8503,8098,58505.2,667.6,170.7,427.1,184.3,136.4,183.0,84.1,1272.4,107.1
1000176,"Jan 20, 2025, 12:00:00 AM",Recovery Spin,Ride,6366,37778.6,6366,6063,37778.6,477.8,137.3,357.3,148.3,122.7,184.8,79.9,821.6,82.2
1000177,"Jan 21, 2025, 12:00:00 AM",Long Sunday Ride,Ride,1800,13756.7,1800,1715,13756.7,153.2,153.2,392.9,165.4,159.7,180.1,80.9,299.2,80.8
1000178,"Jan 22, 2025, 12:00:00 AM",River Trail Ride,Ride,13404,95517.2,13404,12766,95517.2,814.0,109.2,393.2,118.0,167.5,160.9,75.1,2077.3,112.8
1000179,"Jan 26, 2025, 12:00:00 AM",Hill Repeats,Ride,20188,135204.4,20188,19227,135204.4,1970.3,186.9,659.1,201.8,146.8,176.8,90.1,2940.4,172.9
1000180,"Jan 28, 2025, 12:00:00 AM",Commute,Virtual Ride,5313,30935.9,5313,5060,30935.9,410.9,167.0,468.0,180.4,131.0,169.8,74.8,672.8,65.6
1000181,"Jan 31, 2025, 12:00:00 AM",Commute,Ride,5267,33618.2,5267,5016,33618.2,490.8,162.7,590.7,175.7,156.7,179.3,75.6,731.1,134.6
1000182,"Feb 01, 2025, 12:00:00 AM",Zwift Watopia,Ride,3526,25380.7,3526,3358,25380.7,387.5,127.4,471.2,137.6,146.6,164.3,85.6,552.0,133.4
1000183,"Feb 02, 2025, 12:00:00 AM",Zwift Watopia,Ride,2476,16024.2,2476,2358,16024.2,263.9,127.2,412.8,137.4,145.3,171.8,88.3,348.5,149.0
1000184,"Feb 03, 2025, 12:00:00 AM",Long Sunday Ride,Virtual Ride,3876,25743.2,3876,3692,25743.2,370.9,160.4,545.8,173.2,141.5,176.3,85.3,559.9,56.5
1000185,"Feb 05, 2025, 12:00:00 AM",Gravel Grind,Ride,6338,36161.4,6338,6036,36161.4,453.8,131.0,468.5,141.5,161.0,162.0,80.8,786.4,144.9
1000186,"Feb 06, 2025, 12:00:00 AM",Zwift Watopia,Ride,8081,52422.8,8081,7696,52422.8,703.7,147.8,466.0,159.7,131.9,174.2,80.0,1140.1,113.9
1000187,"Feb 07, 2025, 12:00:00 AM",Long Sunday Ride,Ride,16214,91724.2,16214,15442,91724.2,1163.6,171.7,635.6,185.4,145.0,170.5,84.2,1994.8,23.8
1000188,"Feb 10, 2025, 12:00:00 AM",River Trail Ride,Ride,8782,63217.8,8782,8364,63217.8,268.6,191.5,663.9,206.8,133.3,161.0,84.5,1374.9,178.0
1000189,"Feb 11, 2025, 12:00:00 AM",Commute,Ride,19224,107730.7,19224,18309,107730.7,627.2,142.9,437.0,154.3,159.7,185.4,81.7,2342.9,130.8
1000190,"Feb 13, 2025, 12:00:00 AM",Coffee Shop Ride,Ride,6471,41302.3,6471,6163,41302.3,512.1,148.3,376.4,160.1,135.5,170.4,81.5,898.2,56.3
1000191,"Feb 14, 2025, 12:00:00 AM",Gravel Grind,Ride,2642,19762.0,2642,2516,19762.0,105.7,159.6,450.4,172.4,130.8,173.9,75.7,429.8,160.8
1000192,"Feb 15, 2025, 12:00:00 AM",Hill Repeats,Ride,5830,44666.9,5830,5553,44666.9,287.7,201.3,639.6,217.4,154.7,162.3,95.0,971.4,94.4
1000193,"Feb 17, 2025, 12:00:00 AM",Zwift Watopia,Ride,14444,100916.2,14444,13756,100916.2,1513.5,167.2,596.1,180.6,146.7,172.6,88.2,2194.7,52.1
1000194,"Feb 18, 2025, 12:00:00 AM",Hill Repeats,Ride,3396,20964.9,3396,3234,20964.9,123.2,156.6,511.1,169.2,129.2,166.1,92.4,455.9,126.4
1000195,"Feb 19, 2025, 12:00:00 AM",Morning Loop,Ride,4531,26422.7,4531,4316,26422.7,377.0,130.7,438.9,141.1,154.6,173.1,98.9,574.6,34.3
1000196,"Feb 20, 2025, 12:00:00 AM",River Trail Ride,Ride,7431,43187.3,7431,7078,43187.3,669.9,161.5,645.9,174.4,138.2,177.7,90.7,939.2,25.8
1000197,"Feb 22, 2025, 12:00:00 AM",Zwift Watopia,Ride,2616,19070.3,2616,2492,19070.3,90.9,141.0,447.6,152.3,118.0,176.1,78.4,414.7,116.1
1000198,"Feb 23, 2025, 12:00:00 AM",Hill Repeats,Ride,1168,8653.5,1168,1113,8653.5,122.3,158.6,427.3,171.3,150.1,172.7,84.4,188.2,80.9
1000199,"Feb 24, 2025, 12:00:00 AM",Gravel Grind,Virtual Ride,6432,46990.4,6432,6126,46990.4,500.8,170.7,509.5,184.4,137.9,166.0,88.2,1021.9,75.4
1000200,"Feb 26, 2025, 12:00:00 AM",Gravel Grind,Virtual Ride,2857,21255.7,2857,2720,21255.7,318.9,180.4,709.9,194.9,145.7,171.8,89.9,462.3,117.0
1000201,"Feb 27, 2025, 12:00:00 AM",Hill Repeats,Ride,3608,24689.7,3608,3436,24689.7,124.1,169.3,570.6,182.8,127.2,169.6,81.3,537.0,24.1
1000202,"Feb 28, 2025, 12:00:00 AM",Morning Loop,Ride,4300,32059.8,4300,4095,32059.8,264.9,159.8,406.3,172.6,146.4,171.4,87.9,697.2,69.9
1000203,"Mar 01, 2025, 12:00:00 AM",Long Sunday Ride,Ride,643,4352.2,643,612,4352.2,54.1,164.5,418.8,177.7,125.5,176.8,94.2,94.7,44.3
1000204,"Mar 03, 2025, 12:00:00 AM",Long Sunday Ride,Ride,10207,63059.5,10207,9721,63059.5,443.6,154.3,402.7,166.7,157.9,173.2,83.0,1371.4,177.4
1000205,"Mar 04, 2025, 12:00:00 AM",Hill Repeats,Ride,3955,25972.9,3955,3767,25972.9,168.6,150.4,537.9,162.4,132.6,169.6,82.7,564.9,101.5
1000206,"Mar 08, 2025, 12:00:00 AM",Commute,Virtual Ride,5742,38651.0,5742,5469,38651.0,309.9,167.2,530.9,180.6,154.3,179.6,76.1,840.6,104.3
1000207,"Mar 09, 2025, 12:00:00 AM",Long Sunday Ride,Ride,16882,127417.8,16882,16078,127417.8,1942.4,131.1,498.1,141.6,137.3,162.6,74.2,2771.1,152.4
1000208,"Mar 10, 2025, 12:00:00 AM",Hill Repeats,Ride,8021,54263.2,8021,7639,54263.2,430.5,173.7,568.4,187.6,133.1,151.3,81.7,1180.1,105.6
1000209,"Mar 11, 2025, 12:00:00 AM",Recovery Spin,Ride,7728,43155.3,7728,7360,43155.3,704.3,158.1,452.4,170.8,147.0,173.0,79.2,938.5,92.7
1000210,"Mar 12, 2025, 12:00:00 AM",Commute,Ride,25711,157709.4,25711,24487,157709.4,1846.7,157.9,396.6,170.5,128.8,168.5,79.7,3429.9,138.0
1000211,"Mar 13, 2025, 12:00:00 AM",Long Sunday Ride,Ride,21488,131034.1,21488,20465,131034.1,1131.8,131.0,406.1,141.4,120.6,183.8,83.7,2849.7,162.7
1000212,"Mar 14, 2025, 12:00:00 AM",Recovery Spin,Ride,9088,61005.6,9088,8655,61005.6,290.6,136.0,452.0,146.8,148.1,168.1,97.9,1326.7,125.5
1000213,"Mar 16, 2025, 12:00:00 AM",Zwift Watopia,Ride,4363,25345.3,4363,4155,25345.3,128.5,184.4,554.7,199.1,158.7,172.3,80.5,551.2,44.0
1000214,"Mar 19, 2025, 12:00:00 AM",Hill Repeats,Ride,5617,37070.1,5617,5349,37070.1,162.7,192.7,714.1,208.1,135.6,173.5,76.9,806.2,76.0
1000215,"Mar 20, 2025, 12:00:00 AM",Zwift Watopia,Virtual Ride,20529,152661.4,20529,19552,152661.4,861.2,138.8,553.2,149.9,127.4,176.3,92.1,3320.1,62.4
1000216,"Mar 22, 2025, 12:00:00 AM",Gravel Grind,Ride,6910,50432.1,6910,6581,50432.1,547.0,178.1,449.7,192.4,130.9,160.6,94.0,1096.8,52.9
1000217,"Mar 23, 2025, 12:00:00 AM",Morning Loop,Ride,16406,105351.5,16406,15624,105351.5,828.8,184.7,535.4,199.5,146.7,175.6,98.0,2291.2,26.7
1000218,"Mar 26, 2025, 12:00:00 AM",Recovery Spin,Ride,12351,69715.8,12351,11763,69715.8,708.1,194.1,665.6,209.6,146.5,180.6,82.8,1516.2,168.5
1000219,"Mar 28, 2025, 12:00:00 AM",River Trail Ride,Virtual Ride,3935,22045.1,3935,3747,22045.1,360.6,137.1,433.6,148.1,116.4,188.4,78.4,479.4,170.9
1000220,"Mar 29, 2025, 12:00:00 AM",Commute,Ride,4555,27192.2,4555,4338,27192.2,283.9,151.4,545.5,163.5,143.7,178.5,90.2,591.4,157.8
1000221,"Mar 30, 2025, 12:00:00 AM",Commute,Ride,26415,157865.6,26415,25157,157865.6,1278.3,146.3,434.7,158.0,138.0,174.3,83.5,3433.3,154.7
1000222,"Mar 31, 2025, 12:00:00 AM",Gravel Grind,Ride,11849,74216.6,11849,11284,74216.6,629.7,171.2,477.4,184.9,154.1,173.4,77.2,1614.1,177.5
1000223,"Apr 01, 2025, 12:00:00 AM",Gravel Grind,Ride,5602,33689.1,5602,5335,33689.1,562.1,156.2,555.7,168.7,133.7,176.7,92.4,732.7,137.2
1000224,"Apr 03, 2025, 12:00:00 AM",Gravel Grind,Ride,5321,35800.3,5321,5067,35800.3,579.1,162.7,546.7,175.7,171.2,176.5,74.4,778.6,130.2
1000225,"Apr 04, 2025, 12:00:00 AM",Hill Repeats,Ride,6562,41836.6,6562,6250,41836.6,349.9,175.9,515.5,189.9,138.3,162.2,83.7,909.9,148.0
1000226,"Apr 06, 2025, 12:00:00 AM",Coffee Shop Ride,Ride,3600,21892.9,3600,3428,21892.9,222.0,191.2,555.8,206.5,144.7,162.4,87.7,476.1,76.9
1000227,"Apr 08, 2025, 12:00:00 AM",Morning Loop,Ride,21558,153323.2,21558,20531,153323.2,1067.2,155.1,511.2,167.5,140.2,165.7,88.9,3334.5,173.3
1000228,"Apr 10, 2025, 12:00:00 AM",Hill Repeats,Virtual Ride,2094,14794.5,2094,1995,14794.5,75.8,135.6,450.8,146.4,148.7,169.0,95.4,321.8,161.8
1000229,"Apr 12, 2025, 12:00:00 AM",Coffee Shop Ride,Ride,3851,28518.4,3851,3668,28518.4,288.5,129.3,378.9,139.6,118.9,159.8,92.6,620.2,147.1
1000230,"Apr 13, 2025, 12:00:00 AM",Coffee Shop Ride,Ride,14404,103295.1,14404,13718,103295.1,1284.6,146.6,525.4,158.3,170.7,167.5,86.1,2246.5,112.8
1000231,"Apr 16, 2025, 12:00:00 AM",Long Sunday Ride,Ride,13907,82176.7,13907,13244,82176.7,1313.2,195.3,542.7,210.9,152.3,176.7,89.7,1787.2,99.7
1000232,"Apr 19, 2025, 12:00:00 AM",Zwift Watopia,Ride,16554,102141.2,16554,15766,102141.2,1203.2,146.4,583.2,158.1,138.0,168.4,89.2,2221.4,146.2
1000233,"Apr 25, 2025, 12:00:00 AM",Gravel Grind,Ride,22790,134021.5,22790,21704,134021.5,1323.1,176.4,444.6,190.5,126.3,170.5,80.7,2914.7,34.2
1000234,"Apr 26, 2025, 12:00:00 AM",Long Sunday Ride,Ride,1562,10892.6,1562,1488,10892.6,69.2,187.5,613.7,202.5,147.6,163.8,96.1,236.9,121.8
1000235,"Apr 27, 2025, 12:00:00 AM",Zwift Watopia,Ride,4947,29326.7,4947,4711,29326.7,165.8,162.4,407.7,175.4,135.5,180.7,96.3,637.8,49.5
1000236,"Apr 28, 2025, 12:00:00 AM",Morning Loop,Ride,11845,72292.1,11845,11281,72292.1,589.8,160.0,486.2,172.8,118.8,174.6,84.1,1572.2,61.5
1000237,"Apr 29, 2025, 12:00:00 AM",Recovery Spin,Ride,8910,58145.3,8910,8486,58145.3,343.4,153.2,587.2,165.5,146.2,167.7,78.0,1264.5,41.4
1000238,"May 04, 2025, 12:00:00 AM",Commute,Ride,584,4425.8,584,556,4425.8,44.8,156.4,533.2,168.9,161.3,185.3,82.3,96.3,142.5
1000239,"May 10, 2025, 12:00:00 AM",River Trail Ride,Ride,5934,42378.9,5934,5651,42378.9,651.1,134.8,443.9,145.6,149.2,181.8,84.4,921.7,61.9
1000240,"May 13, 2025, 12:00:00 AM",Recovery Spin,Virtual Ride,4260,31771.6,4260,4057,31771.6,205.5,152.2,455.3,164.3,144.4,179.3,80.2,691.0,92.0
1000241,"May 15, 2025, 12:00:00 AM",Recovery Spin,Ride,3916,26542.0,3916,3730,26542.0,132.5,156.3,403.9,168.9,110.9,179.1,89.4,577.2,23.5
1000242,"May 16, 2025, 12:00:00 AM",Gravel Grind,Ride,4521,30454.4,4521,4306,30454.4,341.0,157.9,488.6,170.6,146.2,159.5,81.8,662.3,136.9
1000243,"May 20, 2025, 12:00:00 AM",River Trail Ride,Ride,3277,18587.2,3277,3121,18587.2,315.4,167.8,538.3,181.2,145.6,171.7,75.3,404.2,38.3
1000244,"May 21, 2025, 12:00:00 AM",Long Sunday Ride,Ride,10579,61603.2,10579,10075,61603.2,757.3,141.7,543.9,153.1,130.3,173.6,91.9,1339.7,103.7
1000245,"May 25, 2025, 12:00:00 AM",Zwift Watopia,Virtual Ride,4085,30217.3,4085,3890,30217.3,167.7,159.3,635.7,172.1,130.1,172.7,78.6,657.2,46.5
1000246,"May 27, 2025, 12:00:00 AM",Gravel Grind,Ride,6032,44106.5,6032,5744,44106.5,609.2,174.3,623.8,188.3,161.2,163.7,80.7,959.2,102.0
1000247,"May 30, 2025, 12:00:00 AM",River Trail Ride,Virtual Ride,6272,36787.2,6272,5973,36787.2,231.3,143.2,499.8,154.6,139.3,167.0,88.6,800.0,61.4
1000248,"Jun 03, 2025, 12:00:00 AM",Morning Loop,Ride,15956,108488.8,15956,15196,108488.8,1053.1,179.2,460.0,193.6,130.8,160.4,85.6,2359.4,160.5
1000249,"Jun 08, 2025, 12:00:00 AM",Zwift Watopia,Ride,5018,30279.4,5018,4779,30279.4,482.6,124.6,455.7,134.5,139.3,166.1,85.5,658.5,99.7
1000250,"Jun 10, 2025, 12:00:00 AM",Long Sunday Ride,Ride,7117,54328.2,7117,6778,54328.2,581.2,176.5,457.4,190.6,146.1,182.5,81.6,1181.5,174.3
1000251,"Jun 21, 2025, 12:00:00 AM",Recovery Spin,Ride,6414,37541.5,6414,6109,37541.5,329.6,126.6,477.8,136.7,144.4,182.9,92.1,816.5,83.4
1000252,"Jun 22, 2025, 12:00:00 AM",Recovery Spin,Ride,6384,46286.1,6384,6080,46286.1,736.6,130.9,409.2,141.4,141.4,179.9,88.9,1006.6,70.7
1000253,"Jun 25, 2025, 12:00:00 AM",Zwift Watopia,Virtual Ride,5184,29569.3,5184,4937,29569.3,288.3,147.1,527.8,158.9,143.6,178.1,83.8,643.1,118.4
1000254,"Jun 26, 2025, 12:00:00 AM",River Trail Ride,Virtual Ride,2577,17959.2,2577,2454,17959.2,211.6,159.0,579.2,171.7,142.9,176.2,85.0,390.6,86.8
1000255,"Jul 01, 2025, 12:00:00 AM",River Trail Ride,Ride,3443,19170.9,3443,3279,19170.9,310.8,163.6,594.0,176.7,125.7,170.0,85.2,416.9,104.4
1000256,"Jul 05, 2025, 12:00:00 AM",Commute,Ride,4935,30696.1,4935,4700,30696.1,231.5,138.8,421.7,149.9,147.2,174.2,86.8,667.6,106.5
1000257,"Jul 06, 2025, 12:00:00 AM",Commute,Ride,3012,19865.1,3012,2869,19865.1,101.2,177.6,529.4,191.8,138.0,182.4,84.5,432.0,152.5
1000258,"Jul 07, 2025, 12:00:00 AM",Hill Repeats,Virtual Ride,1427,8038.7,1427,1359,8038.7,122.5,165.7,551.8,179.0,129.9,167.5,82.5,174.8,75.7
1000259,"Jul 10, 2025, 12:00:00 AM",Coffee Shop Ride,Ride,12359,74460.0,12359,11771,74460.0,844.5,148.2,516.1,160.1,121.8,182.0,84.4,1619.4,176.7
1000260,"Jul 12, 2025, 12:00:00 AM",Commute,Ride,8328,63232.7,8328,7931,63232.7,777.5,162.1,583.3,175.0,130.5,181.6,78.3,1375.2,31.1
1000261,"Jul 13, 2025, 12:00:00 AM",Recovery Spin,Ride,16306,109225.6,16306,15530,109225.6,680.2,146.5,576.7,158.3,146.3,167.9,89.7,2375.4,122.9
1000262,"Jul 16, 2025, 12:00:00 AM",Hill Repeats,Ride,6703,37794.1,6703,6384,37794.1,146.4,193.2,550.2,208.7,152.3,161.5,89.3,821.9,126.4
1000263,"Jul 18, 2025, 12:00:00 AM",Commute,Ride,7779,49236.4,7779,7408,49236.4,589.8,159.8,403.4,172.6,147.8,164.3,85.9,1070.8,91.5
1000264,"Jul 20, 2025, 12:00:00 AM",Gravel Grind,Virtual Ride,18367,129900.0,18367,17493,129900.0,1414.7,157.1,584.5,169.7,153.2,174.0,84.6,2825.1,37.7
1000265,"Jul 24, 2025, 12:00:00 AM",Recovery Spin,Ride,21730,127161.8,21730,20695,127161.8,805.2,149.7,453.9,161.7,145.1,168.5,89.5,2765.5,165.7
1000266,"Jul 26, 2025, 12:00:00 AM",Coffee Shop Ride,Ride,7816,50898.4,7816,7444,50898.4,356.9,166.4,622.7,179.7,150.7,167.8,89.0,1106.9,38.0
1000267,"Jul 27, 2025, 12:00:00 AM",Long Sunday Ride,Ride,4152,28729.6,4152,3954,28729.6,120.9,135.8,452.3,146.7,141.1,156.9,83.2,624.8,115.7
1000268,"Jul 28, 2025, 12:00:00 AM",Long Sunday Ride,Ride,20016,118086.7,20016,19062,118086.7,1229.8,175.0,524.5,189.0,129.6,175.4,90.4,2568.1,114.9
1000269,"Aug 02, 2025, 12:00:00 AM",Gravel Grind,Virtual Ride,4781,33509.2,4781,4553,33509.2,378.7,150.5,393.0,162.5,141.0,168.3,80.6,728.8,153.0
1000270,"Aug 05, 2025, 12:00:00 AM",Coffee Shop Ride,Ride,18628,139939.0,18628,17741,139939.0,1113.5,154.5,560.4,166.8,143.2,177.1,88.9,3043.4,88.9
1000271,"Aug 07, 2025, 12:00:00 AM",Long Sunday Ride,Ride,20323,119514.1,20323,19355,119514.1,833.7,207.4,686.7,224.0,157.7,169.2,90.3,2599.2,90.9
1000272,"Aug 08, 2025, 12:00:00 AM",River Trail Ride,Ride,5518,39831.0,5518,5255,39831.0,514.9,178.1,705.4,192.3,161.0,163.9,89.7,866.2,102.0
1000273,"Aug 09, 2025, 12:00:00 AM",Long Sunday Ride,Ride,4241,31048.0,4241,4039,31048.0,257.8,136.7,408.8,147.7,145.1,173.1,93.9,675.2,101.0
1000274,"Aug 12, 2025, 12:00:00 AM",Hill Repeats,Ride,7143,47950.4,7143,6803,47950.4,420.3,151.4,528.5,163.5,137.8,168.5,71.8,1042.8,27.3
1000275,"Aug 13, 2025, 12:00:00 AM",River Trail Ride,Ride,3877,28046.2,3877,3692,28046.2,371.4,139.6,428.6,150.8,137.4,155.5,87.7,609.9,64.9
1000276,"Aug 15, 2025, 12:00:00 AM",Gravel Grind,Ride,2708,17070.3,2708,2579,17070.3,85.4,149.3,543.7,161.2,140.1,180.7,81.5,371.2,111.5
1000277,"Aug 16, 2025, 12:00:00 AM",Recovery Spin,Ride,20719,133688.3,20719,19733,133688.3,1493.6,160.9,408.6,173.8,137.8,165.8,83.8,2907.5,118.7
1000278,"Aug 17, 2025, 12:00:00 AM",Long Sunday Ride,Virtual Ride,15394,104804.9,15394,14661,104804.9,847.8,155.4,484.9,167.8,114.1,171.9,91.5,2279.3,132.4
1000279,"Aug 20, 2025, 12:00:00 AM",Long Sunday Ride,Virtual Ride,3942,23856.0,3942,3754,23856.0,255.2,122.9,356.9,132.8,150.0,170.5,89.6,518.8,69.5
1000280,"Aug 21, 2025, 12:00:00 AM",Gravel Grind,Ride,26519,156219.9,26519,25256,156219.9,1163.3,183.8,480.7,198.5,141.7,167.1,80.8,3397.5,81.4
1000281,"Aug 22, 2025, 12:00:00 AM",Coffee Shop Ride,Ride,6136,42130.0,6136,5844,42130.0,491.2,135.4,365.9,146.2,136.3,184.2,82.1,916.2,31.4
1000282,"Aug 23, 2025, 12:00:00 AM",Zwift Watopia,Ride,4287,31408.6,4287,4082,31408.6,277.2,140.1,440.7,151.3,154.7,181.3,92.1,683.1,21.6
1000283,"Aug 25, 2025, 12:00:00 AM",Coffee Shop Ride,Ride,1951,12048.2,1951,1858,12048.2,142.0,157.2,434.8,169.7,149.1,175.1,88.8,262.0,39.3
1000284,"Aug 26, 2025, 12:00:00 AM",Coffee Shop Ride,Ride,2562,18189.1,2562,2440,18189.1,221.5,155.2,453.1,167.6,119.6,166.8,101.1,395.6,27.0
1000285,"Aug 28, 2025, 12:00:00 AM",Hill Repeats,Ride,4557,27163.7,4557,4340,27163.7,462.0,113.7,378.2,122.8,148.8,178.8,92.7,590.8,155.3
1000286,"Aug 30, 2025, 12:00:00 AM",River Trail Ride,Ride,3826,24750.6,3826,3644,24750.6,189.3,188.4,695.7,203.4,128.7,163.2,83.4,538.3,147.7
1000287,"Aug 31, 2025, 12:00:00 AM",Hill Repeats,Ride,10035,69073.0,10035,9557,69073.0,483.3,116.4,428.9,125.7,131.7,157.3,92.0,1502.2,116.2
1000288,"Sep 01, 2025, 12:00:00 AM",Recovery Spin,Ride,8868,58134.5,8868,8446,58134.5,529.1,175.3,667.0,189.3,137.0,162.3,79.2,1264.3,24.1
1000289,"Sep 02, 2025, 12:00:00 AM",Recovery Spin,Ride,18868,143331.4,18868,17969,143331.4,1876.2,144.1,558.1,155.7,123.0,181.7,84.1,3117.2,69.8
1000290,"Sep 03, 2025, 12:00:00 AM",Morning Loop,Ride,3421,23780.1,3421,3258,23780.1,142.5,120.1,416.6,129.7,155.3,187.1,82.2,517.2,42.5
1000291,"Sep 04, 2025, 12:00:00 AM",River Trail Ride,Virtual Ride,4382,27347.1,4382,4173,27347.1,392.3,152.4,440.1,164.6,138.8,175.3,78.4,594.7,23.7
1000292,"Sep 05, 2025, 12:00:00 AM",Commute,Ride,4302,29128.2,4302,4097,29128.2,332.5,116.6,372.4,125.9,135.7,171.3,86.4,633.5,162.1
1000293,"Sep 06, 2025, 12:00:00 AM",Commute,Virtual Ride,10558,61827.7,10558,10055,61827.7,1052.0,160.0,499.8,172.8,121.5,160.1,88.2,1344.6,44.7
1000294,"Sep 08, 2025, 12:00:00 AM",Commute,Ride,1628,9503.4,1628,1550,9503.4,75.3,184.0,603.8,198.7,143.0,170.2,92.4,206.7,68.4
1000295,"Sep 09, 2025, 12:00:00 AM",River Trail Ride,Ride,16310,115341.8,16310,15533,115341.8,1128.8,127.3,472.9,137.5,129.6,172.5,88.0,2508.5,75.6
1000296,"Sep 10, 2025, 12:00:00 AM",Hill Repeats,Ride,2754,19044.0,2754,2623,19044.0,243.1,157.3,567.8,169.8,137.5,190.7,86.8,414.2,111.1
1000297,"Sep 11, 2025, 12:00:00 AM",Commute,Ride,8779,54776.6,8779,8361,54776.6,517.1,143.5,445.9,155.0,124.7,171.8,81.6,1191.3,106.9
1000298,"Sep 12, 2025, 12:00:00 AM",Coffee Shop Ride,Ride,6244,40307.5,6244,5947,40307.5,168.3,161.8,508.6,174.7,135.7,174.2,81.0,876.6,160.3
1000299,"Sep 13, 2025, 12:00:00 AM",River Trail Ride,Ride,8834,54128.8,8834,8413,54128.8,710.1,149.9,554.4,161.9,125.9,171.9,87.3,1177.2,158.2
1000300,"Sep 14, 2025, 12:00:00 AM",Commute,Ride,1964,11699.7,1964,1871,11699.7,62.0,177.6,614.2,191.8,147.7,166.2,86.4,254.4,98.8
1000301,"Sep 15, 2025, 12:00:00 AM",Commute,Ride,1011,6864.4,1011,963,6864.4,57.7,176.2,655.5,190.3,136.0,175.3,94.0,149.3,173.0
1000302,"Sep 17, 2025, 12:00:00 AM",River Trail Ride,Ride,5578,31880.7,5578,5312,31880.7,177.4,149.2,399.2,161.2,154.0,170.4,84.2,693.3,101.7
1000303,"Sep 18, 2025, 12:00:00 AM",Long Sunday Ride,Ride,22311,141938.8,22311,21248,141938.8,1660.0,172.3,556.5,186.1,163.5,170.1,90.7,3086.9,41.5
1000304,"Sep 19, 2025, 12:00:00 AM",Hill Repeats,Ride,7972,59918.1,7972,7592,59918.1,364.6,175.1,474.5,189.1,133.6,164.8,80.9,1303.1,173.2
1000305,"Sep 20, 2025, 12:00:00 AM",Morning Loop,Ride,9933,56114.5,9933,9460,56114.5,479.7,162.4,453.5,175.4,146.2,177.7,87.5,1220.4,143.0
1000306,"Sep 21, 2025, 12:00:00 AM",Commute,Ride,3685,25521.4,3685,3509,25521.4,235.1,163.8,615.8,176.9,145.4,165.9,86.3,555.0,98.0
1000307,"Sep 22, 2025, 12:00:00 AM",Gravel Grind,Virtual Ride,18245,102184.0,18245,17376,102184.0,1418.1,119.3,338.4,128.8,120.4,170.5,81.7,2222.3,37.8
1000308,"Sep 23, 2025, 12:00:00 AM",Commute,Ride,1582,10666.0,1582,1507,10666.0,149.6,156.3,417.3,168.8,157.5,172.0,83.9,232.0,31.7
1000309,"Sep 24, 2025, 12:00:00 AM",Morning Loop,Ride,5070,36953.2,5070,4829,36953.2,319.7,132.0,417.5,142.6,130.8,179.0,81.2,803.7,168.7
1000310,"Sep 25, 2025, 12:00:00 AM",Coffee Shop Ride,Ride,7472,53063.7,7472,7116,53063.7,660.9,148.1,592.2,159.9,121.5,170.9,85.5,1154.0,116.6
1000311,"Sep 26, 2025, 12:00:00 AM",River Trail Ride,Ride,4926,35835.1,4926,4692,35835.1,344.3,134.9,385.1,145.6,144.0,172.1,91.0,779.3,91.9
1000312,"Sep 28, 2025, 12:00:00 AM",Hill Repeats,Ride,11382,80221.6,11382,10840,80221.6,976.8,176.7,649.6,190.8,126.7,178.3,90.1,1744.7,148.6
1000313,"Oct 01, 2025, 12:00:00 AM",Gravel Grind,Ride,6875,46789.9,6875,6548,46789.9,281.7,128.7,373.3,139.0,140.8,166.1,90.3,1017.6,99.5
1000314,"Oct 05, 2025, 12:00:00 AM",Gravel Grind,Ride,3337,24051.2,3337,3178,24051.2,384.1,143.5,386.0,155.0,132.5,172.1,90.7,523.1,30.0
1000315,"Oct 07, 2025, 12:00:00 AM",Long Sunday Ride,Ride,2676,19535.8,2676,2549,19535.8,271.2,134.4,452.5,145.2,153.5,169.8,80.3,424.9,63.3
1000316,"Oct 08, 2025, 12:00:00 AM",River Trail Ride,Ride,4203,27310.0,4203,4003,27310.0,332.9,169.1,612.8,182.6,138.1,179.6,83.6,593.9,174.3
1000317,"Oct 11, 2025, 12:00:00 AM",River Trail Ride,Ride,7574,51305.5,7574,7213,51305.5,785.4,150.2,478.7,162.2,163.8,184.6,77.0,1115.8,132.6
1000318,"Oct 13, 2025, 12:00:00 AM",Long Sunday Ride,Ride,14518,96876.6,14518,13827,96876.6,646.7,161.9,524.8,174.8,130.2,173.5,85.4,2106.9,141.8
1000319,"Oct 14, 2025, 12:00:00 AM",Commute,Ride,5532,37070.3,5532,5269,37070.3,204.6,155.3,596.7,167.8,142.4,169.7,82.4,806.2,77.6
1000320,"Oct 16, 2025, 12:00:00 AM",Hill Repeats,Ride,5201,38053.4,5201,4953,38053.4,152.4,94.7,236.8,102.2,140.2,160.5,83.7,827.6,79.0
1000321,"Oct 18, 2025, 12:00:00 AM",Hill Repeats,Ride,4611,26816.7,4611,4391,26816.7,332.7,148.3,565.8,160.2,154.8,169.4,82.6,583.2,125.2
1000322,"Oct 19, 2025, 12:00:00 AM",Hill Repeats,Virtual Ride,7897,45097.8,7897,7521,45097.8,568.1,145.8,501.2,157.4,144.4,179.8,94.6,980.8,67.2
1000323,"Oct 22, 2025, 12:00:00 AM",River Trail Ride,Virtual Ride,18554,106453.3,18554,17670,106453.3,704.4,176.6,501.5,190.8,149.7,180.6,76.8,2315.1,83.2
1000324,"Oct 24, 2025, 12:00:00 AM",Long Sunday Ride,Ride,2918,21227.4,2918,2779,21227.4,358.5,163.9,527.1,177.0,129.5,160.7,74.5,461.7,153.7
1000325,"Oct 25, 2025, 12:00:00 AM",Zwift Watopia,Ride,13464,97624.7,13464,12823,97624.7,503.4,153.4,415.2,165.7,121.7,162.9,83.7,2123.1,84.7
1000326,"Oct 28, 2025, 12:00:00 AM",Morning Loop,Ride,958,5595.0,958,912,5595.0,60.5,149.4,410.4,161.4,140.2,176.3,84.7,121.7,103.0
1000327,"Oct 29, 2025, 12:00:00 AM",Commute,Ride,2490,17752.8,2490,2372,17752.8,283.8,173.2,455.6,187.1,141.4,184.4,83.6,386.1,62.5
1000328,"Oct 30, 2025, 12:00:00 AM",Long Sunday Ride,Ride,5755,39080.3,5755,5481,39080.3,347.0,170.5,462.1,184.2,131.1,154.7,86.5,849.9,79.5
1000329,"Oct 31, 2025, 12:00:00 AM",Gravel Grind,Ride,14399,96658.7,14399,13713,96658.7,1135.0,170.7,603.5,184.3,123.8,177.4,89.1,2102.1,93.3
1000330,"Nov 03, 2025, 12:00:00 AM",Gravel Grind,Ride,2007,13287.8,2007,1911,13287.8,182.1,134.2,493.5,145.0,131.1,165.6,95.0,289.0,95.8
1000331,"Nov 05, 2025, 12:00:00 AM",River Trail Ride,Ride,5531,33453.8,5531,5267,33453.8,409.7,161.5,640.6,174.4,140.6,170.4,81.1,727.6,56.1
1000332,"Nov 08, 2025, 12:00:00 AM",Hill Repeats,Ride,4286,28911.4,4286,4082,28911.4,249.6,144.3,567.5,155.9,144.7,183.3,87.0,628.8,121.8
1000333,"Nov 10, 2025, 12:00:00 AM",Morning Loop,Ride,20461,124671.8,20461,19487,124671.8,538.1,143.2,443.6,154.7,126.0,178.8,88.8,2711.4,66.5
1000334,"Nov 11, 2025, 12:00:00 AM",Long Sunday Ride,Virtual Ride,4353,31205.7,4353,4146,31205.7,293.4,157.2,519.6,169.8,147.4,163.3,84.1,678.7,173.3
1000335,"Nov 13, 2025, 12:00:00 AM",Hill Repeats,Ride,1996,13222.9,1996,1901,13222.9,85.7,154.3,476.1,166.6,133.6,173.8,90.0,287.6,93.5
1000336,"Nov 17, 2025, 12:00:00 AM",Morning Loop,Ride,3550,25169.3,3550,3381,25169.3,377.8,139.2,541.0,150.3,139.0,170.4,77.6,547.4,53.5
1000337,"Nov 18, 2025, 12:00:00 AM",Hill Repeats,Virtual Ride,4962,28047.1,4962,4726,28047.1,353.9,162.2,577.8,175.2,140.6,174.7,82.5,610.0,115.0
1000338,"Nov 20, 2025, 12:00:00 AM",Gravel Grind,Virtual Ride,1975,13130.1,1975,1880,13130.1,186.0,153.6,413.4,165.9,140.5,176.4,81.5,285.6,165.3
1000339,"Nov 22, 2025, 12:00:00 AM",Long Sunday Ride,Ride,6113,43878.4,6113,5822,43878.4,183.3,150.7,391.3,162.8,139.0,162.1,79.2,954.3,122.5
1000340,"Nov 25, 2025, 12:00:00 AM",Hill Repeats,Ride,8426,53097.0,8426,8024,53097.0,552.8,154.9,446.6,167.3,125.6,171.9,94.4,1154.8,21.9
1000341,"Nov 26, 2025, 12:00:00 AM",Recovery Spin,Virtual Ride,2396,16952.9,2396,2282,16952.9,115.6,162.3,615.0,175.3,145.6,177.7,84.1,368.7,24.7
1000342,"Nov 27, 2025, 12:00:00 AM",Hill Repeats,Ride,20823,131386.9,20823,19831,131386.9,2100.6,132.8,502.7,143.4,130.4,174.7,80.5,2857.4,167.1
1000343,"Dec 05, 2025, 12:00:00 AM",Morning Loop,Virtual Ride,26624,168492.6,26624,25356,168492.6,1759.7,118.7,440.1,128.2,123.9,159.2,86.5,3664.4,172.1
1000344,"Dec 08, 2025, 12:00:00 AM",Zwift Watopia,Virtual Ride,6235,38260.0,6235,5938,38260.0,573.5,173.8,553.7,187.8,132.9,175.3,75.5,832.1,77.4
1000345,"Dec 10, 2025, 12:00:00 AM",Zwift Watopia,Ride,2447,17400.8,2447,2331,17400.8,121.9,164.6,533.2,177.7,121.7,172.3,86.3,378.4,65.2
1000346,"Dec 12, 2025, 12:00:00 AM",Morning Loop,Ride,4475,32017.5,4475,4262,32017.5,225.3,119.1,302.1,128.7,163.8,176.4,100.8,696.3,141.4
1000347,"Dec 16, 2025, 12:00:00 AM",Gravel Grind,Virtual Ride,2972,21251.6,2972,2830,21251.6,186.5,123.2,406.1,133.1,156.9,168.8,82.8,462.2,52.7
1000348,"Dec 17, 2025, 12:00:00 AM",Gravel Grind,Virtual Ride,4621,26167.8,4621,4401,26167.8,445.0,129.3,502.0,139.7,108.7,173.6,87.6,569.1,73.2
1000349,"Dec 23, 2025, 12:00:00 AM",River Trail Ride,Ride,25226,146792.8,25226,24025,146792.8,2151.8,157.8,409.3,170.4,148.2,181.5,74.3,3192.4,88.0
1000350,"Dec 25, 2025, 12:00:00 AM",Long Sunday Ride,Ride,5669,41650.9,5669,5399,41650.9,669.1,156.7,564.4,169.2,134.2,166.6,85.2,905.8,175.7
1000351,"Dec 26, 2025, 12:00:00 AM",River Trail Ride,Virtual Ride,4132,23529.2,4132,3935,23529.2,152.4,129.2,354.9,139.6,148.2,162.8,89.0,511.7,87.6
1000352,"Dec 31, 2025, 12:00:00 AM",Hill Repeats,Ride,7323,44666.1,7323,6974,44666.1,240.2,173.5,512.9,187.4,128.2,168.3,87.8,971.4,79.4
1000353,"Jan 03, 2026, 12:00:00 AM",Zwift Watopia,Ride,11936,69835.3,11936,11368,69835.3,923.0,115.2,296.4,124.4,141.0,165.5,80.0,1518.8,144.9
1000354,"Jan 04, 2026, 12:00:00 AM",Commute,Ride,7785,45972.2,7785,7414,45972.2,754.4,162.6,540.6,175.6,122.0,180.4,79.0,999.8,141.4
1000355,"Jan 05, 2026, 12:00:00 AM",Morning Loop,Ride,14393,103984.9,14393,13707,103984.9,561.3,189.5,752.9,204.6,177.3,176.9,83.9,2261.5,152.4
1000356,"Jan 06, 2026, 12:00:00 AM",River Trail Ride,Ride,9390,59415.0,9390,8943,59415.0,721.5,169.4,489.4,183.0,142.8,176.0,89.0,1292.2,63.9
1000357,"Jan 08, 2026, 12:00:00 AM",Hill Repeats,Virtual Ride,20789,155009.1,20789,19799,155009.1,1498.4,157.9,595.6,170.6,133.3,163.2,87.6,3371.1,136.3
1000358,"Jan 10, 2026, 12:00:00 AM",Long Sunday Ride,Ride,9188,51849.3,9188,8751,51849.3,831.6,149.4,461.9,161.3,148.0,163.3,82.7,1127.6,145.8
1000359,"Jan 11, 2026, 12:00:00 AM",Hill Repeats,Ride,4031,23798.0,4031,3839,23798.0,157.9,178.4,565.2,192.6,121.8,169.1,90.3,517.6,107.4
1000360,"Jan 12, 2026, 12:00:00 AM",Commute,Ride,6883,47141.6,6883,6556,47141.6,583.1,149.6,497.6,161.6,132.1,177.6,87.5,1025.2,48.7
1000361,"Jan 13, 2026, 12:00:00 AM",Recovery Spin,Ride,6882,40104.2,6882,6554,40104.2,258.0,177.2,707.2,191.4,134.3,165.1,89.2,872.2,127.6
1000362,"Jan 15, 2026, 12:00:00 AM",Commute,Ride,4060,28640.6,4060,3867,28640.6,290.6,163.1,546.1,176.1,123.6,181.7,86.6,622.9,165.0
1000363,"Jan 16, 2026, 12:00:00 AM",Morning Loop,Ride,6566,36710.9,6566,6254,36710.9,429.7,136.6,501.1,147.6,127.6,161.2,75.9,798.4,137.2
1000364,"Jan 17, 2026, 12:00:00 AM",Coffee Shop Ride,Ride,9039,60221.4,9039,8609,60221.4,840.4,138.7,367.6,149.8,119.5,163.1,92.4,1309.7,29.1
1000365,"Jan 19, 2026, 12:00:00 AM",Coffee Shop Ride,Ride,6194,46381.5,6194,5899,46381.5,210.1,146.3,581.5,158.0,153.4,183.6,82.8,1008.7,140.2
1000366,"Jan 20, 2026, 12:00:00 AM",Coffee Shop Ride,Ride,2107,16111.3,2107,2006,16111.3,98.1,130.1,482.6,140.5,128.5,174.8,84.7,350.4,30.8
1000367,"Jan 23, 2026, 12:00:00 AM",Coffee Shop Ride,Ride,2130,16086.5,2130,2028,16086.5,181.1,150.9,560.7,163.0,137.2,164.6,90.3,349.8,87.6
1000368,"Jan 26, 2026, 12:00:00 AM",Morning Loop,Ride,21515,121656.1,21515,20490,121656.1,1431.2,170.0,425.3,183.6,122.0,166.8,84.5,2645.8,63.0
1000369,"Jan 28, 2026, 12:00:00 AM",Zwift Watopia,Virtual Ride,16623,117378.8,16623,15832,117378.8,1874.4,120.3,327.5,130.0,142.5,172.6,80.7,2552.8,32.1
1000370,"Jan 30, 2026, 12:00:00 AM",River Trail Ride,Ride,24862,165463.2,24862,23678,165463.2,1427.2,152.8,598.1,165.1,133.4,169.8,95.0,3598.5,123.8
1000371,"Jan 31, 2026, 12:00:00 AM",Hill Repeats,Ride,18766,115926.0,18766,17873,115926.0,648.8,176.1,555.7,190.2,149.7,162.8,89.9,2521.2,70.1
1000372,"Feb 02, 2026, 12:00:00 AM",Zwift Watopia,Ride,10246,72134.2,10246,9758,72134.2,810.7,169.6,574.0,183.2,143.3,176.4,87.0,1568.8,52.4
1000373,"Feb 03, 2026, 12:00:00 AM",Morning Loop,Ride,10850,75955.3,10850,10333,75955.3,415.9,163.8,642.5,176.9,137.2,171.7,75.8,1651.9,92.0
1000374,"Feb 04, 2026, 12:00:00 AM",Zwift Watopia,Ride,6033,45790.7,6033,5746,45790.7,193.1,171.8,678.7,185.5,136.0,176.5,78.9,995.9,176.3
1000375,"Feb 05, 2026, 12:00:00 AM",River Trail Ride,Ride,2883,21707.3,2883,2745,21707.3,122.7,146.5,581.9,158.2,138.4,178.6,82.4,472.1,135.8
1000376,"Feb 06, 2026, 12:00:00 AM",Zwift Watopia,Ride,2312,13233.3,2312,2201,13233.3,174.5,184.3,534.0,199.0,156.6,161.7,89.1,287.8,134.2
1000377,"Feb 07, 2026, 12:00:00 AM",Morning Loop,Virtual Ride,16967,103179.3,16967,16159,103179.3,538.6,155.1,489.9,167.6,137.2,165.7,80.9,2243.9,63.3
1000378,"Feb 08, 2026, 12:00:00 AM",Zwift Watopia,Ride,12034,77213.9,12034,11461,77213.9,1195.1,143.2,379.9,154.7,133.0,173.9,88.0,1679.2,169.2
1000379,"Feb 09, 2026, 12:00:00 AM",Hill Repeats,Ride,6483,44869.6,6483,6174,44869.6,578.7,158.9,587.7,171.6,125.1,179.0,90.3,975.8,103.4
1000380,"Feb 10, 2026, 12:00:00 AM",Zwift Watopia,Virtual Ride,16667,101518.5,16667,15874,101518.5,525.5,162.9,499.1,176.0,137.5,180.6,99.2,2207.8,63.0
1000381,"Feb 12, 2026, 12:00:00 AM",Commute,Ride,9175,52601.8,9175,8738,52601.8,613.5,143.9,452.7,155.4,137.2,183.6,77.0,1144.0,132.9
1000382,"Feb 14, 2026, 12:00:00 AM",Coffee Shop Ride,Ride,8820,49825.1,8820,8400,49825.1,407.4,189.1,629.9,204.2,130.8,167.6,90.2,1083.6,91.0
1000383,"Feb 16, 2026, 12:00:00 AM",Long Sunday Ride,Ride,3909,24113.0,3909,3723,24113.0,122.0,149.3,561.4,161.3,134.1,183.5,77.5,524.4,45.5
1000384,"Feb 17, 2026, 12:00:00 AM",Commute,Virtual Ride,8172,52670.7,8172,7783,52670.7,405.2,165.0,419.0,178.2,144.1,176.6,90.8,1145.5,37.7
1000385,"Feb 18, 2026, 12:00:00 AM",Gravel Grind,Ride,3476,19849.1,3476,3311,19849.1,297.2,126.9,406.9,137.0,175.4,182.0,76.9,431.7,152.6
1000386,"Feb 20, 2026, 12:00:00 AM",Long Sunday Ride,Ride,2539,16150.6,2539,2418,16150.6,140.6,160.2,507.7,173.0,136.9,171.0,87.0,351.2,76.7
1000387,"Feb 21, 2026, 12:00:00 AM",Morning Loop,Virtual Ride,8338,50167.7,8338,7941,50167.7,368.7,149.4,529.6,161.4,137.2,165.2,86.1,1091.0,51.0
1000388,"Feb 22, 2026, 12:00:00 AM",Coffee Shop Ride,Ride,17126,124255.8,17126,16310,124255.8,1152.6,167.7,630.6,181.1,145.8,175.4,88.6,2702.3,90.3
1000389,"Feb 24, 2026, 12:00:00 AM",Coffee Shop Ride,Ride,2530,18676.1,2530,2410,18676.1,188.3,156.4,409.6,168.9,146.7,164.7,82.5,406.2,46.4
1000390,"Feb 27, 2026, 12:00:00 AM",Hill Repeats,Virtual Ride,4175,30224.8,4175,3976,30224.8,386.0,168.8,613.6,182.3,151.0,162.0,85.3,657.3,33.4
1000391,"Feb 28, 2026, 12:00:00 AM",Hill Repeats,Virtual Ride,4005,30459.6,4005,3814,30459.6,441.8,157.7,412.9,170.4,137.4,169.5,99.6,662.4,59.3
1000392,"Mar 01, 2026, 12:00:00 AM",Gravel Grind,Ride,6043,44029.5,6043,5755,44029.5,253.1,121.7,437.0,131.4,133.2,180.2,97.5,957.6,86.5
1000393,"Mar 03, 2026, 12:00:00 AM",Recovery Spin,Ride,9904,66458.8,9904,9432,66458.8,1006.5,102.6,391.1,110.8,129.6,176.3,69.2,1445.3,159.3
1000394,"Mar 05, 2026, 12:00:00 AM",Hill Repeats,Ride,5517,35468.0,5517,5254,35468.0,329.2,129.0,435.2,139.3,141.0,164.6,86.5,771.4,74.0
1000395,"Mar 07, 2026, 12:00:00 AM",Recovery Spin,Ride,14859,106905.3,14859,14152,106905.3,1518.6,129.3,493.7,139.7,147.8,178.9,83.6,2325.0,52.7
1000396,"Mar 08, 2026, 12:00:00 AM",Hill Repeats,Ride,792,5350.2,792,754,5350.2,53.8,154.5,419.5,166.8,171.4,163.1,93.8,116.4,60.5
1000397,"Mar 09, 2026, 12:00:00 AM",Zwift Watopia,Ride,10186,57221.0,10186,9701,57221.0,891.6,154.9,398.7,167.3,161.1,175.0,87.3,1244.4,154.9
1000398,"Mar 10, 2026, 12:00:00 AM",Gravel Grind,Ride,1445,9147.4,1445,1376,9147.4,75.6,145.5,547.9,157.2,124.2,170.4,80.2,198.9,82.1
1000399,"Mar 12, 2026, 12:00:00 AM",Commute,Ride,5688,34243.9,5688,5417,34243.9,266.1,148.4,442.5,160.3,140.7,178.8,71.5,744.7,174.9
1000400,"Mar 14, 2026, 12:00:00 AM",Long Sunday Ride,Ride,15657,101381.3,15657,14911,101381.3,1611.7,137.2,499.2,148.1,142.5,181.6,82.0,2204.8,89.4
1000401,"Mar 17, 2026, 12:00:00 AM",Hill Repeats,Ride,3062,18981.4,3062,2917,18981.4,199.4,135.5,445.5,146.4,132.5,170.5,81.4,412.8,135.6
1000402,"Mar 18, 2026, 12:00:00 AM",Morning Loop,Ride,1119,8278.3,1119,1065,8278.3,53.4,162.4,517.1,175.3,126.3,170.4,85.0,180.0,148.7
1000403,"Mar 21, 2026, 12:00:00 AM",River Trail Ride,Ride,6143,40606.5,6143,5850,40606.5,495.9,179.6,514.2,194.0,145.5,183.6,89.2,883.1,148.5
1000404,"Mar 22, 2026, 12:00:00 AM",Recovery Spin,Ride,6872,52090.9,6872,6545,52090.9,525.1,157.6,432.5,170.2,129.7,183.2,89.2,1132.9,47.2
1000405,"Mar 26, 2026, 12:00:00 AM",Coffee Shop Ride,Ride,6506,38269.1,6506,6196,38269.1,435.3,147.0,510.4,158.8,142.4,174.5,95.2,832.3,162.3
1000406,"Mar 28, 2026, 12:00:00 AM",Morning Loop,Ride,10604,59143.9,10604,10099,59143.9,835.9,128.8,347.5,139.1,144.8,186.5,83.7,1286.3,63.4
1000407,"Mar 29, 2026, 12:00:00 AM",Gravel Grind,Ride,4156,24983.1,4156,3958,24983.1,296.1,129.3,460.7,139.6,135.6,160.8,85.1,543.3,50.1
1000408,"Mar 30, 2026, 12:00:00 AM",Coffee Shop Ride,Ride,7464,54846.2,7464,7109,54846.2,541.5,131.3,461.6,141.8,158.2,176.1,91.2,1192.8,147.4
1000409,"Apr 01, 2026, 12:00:00 AM",Zwift Watopia,Ride,17551,116255.1,17551,16715,116255.1,1461.2,127.6,432.7,137.8,150.7,173.4,88.3,2528.3,71.9
1000410,"Apr 02, 2026, 12:00:00 AM",Gravel Grind,Ride,3405,22340.4,3405,3243,22340.4,184.2,137.3,520.6,148.3,145.6,161.1,90.1,485.9,150.4
1000411,"Apr 03, 2026, 12:00:00 AM",Hill Repeats,Ride,2307,17156.1,2307,2197,17156.1,132.9,135.6,387.7,146.4,147.0,174.1,81.8,373.1,78.9
1000412,"Apr 04, 2026, 12:00:00 AM",Zwift Watopia,Ride,3796,27561.9,3796,3616,27561.9,252.1,148.2,530.7,160.0,144.2,159.5,85.6,599.4,71.7
1000413,"Apr 07, 2026, 12:00:00 AM",Coffee Shop Ride,Ride,4834,30754.4,4834,4604,30754.4,130.9,143.0,510.3,154.4,148.8,174.7,86.9,668.8,59.8
1000414,"Apr 10, 2026, 12:00:00 AM",Hill Repeats,Ride,3790,23871.9,3790,3609,23871.9,185.4,152.1,580.2,164.3,149.1,176.9,78.9,519.2,23.6
1000415,"Apr 11, 2026, 12:00:00 AM",Recovery Spin,Ride,21122,122662.9,21122,20116,122662.9,885.3,144.7,401.5,156.3,144.0,183.5,91.5,2667.7,57.1
1000416,"Apr 13, 2026, 12:00:00 AM",Gravel Grind,Ride,15514,97602.2,15514,14775,97602.2,1332.7,123.4,472.6,133.3,147.5,182.6,87.3,2122.7,110.1
1000417,"Apr 14, 2026, 12:00:00 AM",Morning Loop,Ride,9146,59651.3,9146,8710,59651.3,319.1,154.6,521.9,167.0,152.5,173.2,85.1,1297.3,141.1
1000418,"Apr 16, 2026, 12:00:00 AM",Long Sunday Ride,Ride,12001,79213.4,12001,11430,79213.4,1211.1,139.8,436.2,151.0,146.0,160.8,87.2,1722.7,53.9
1000419,"Apr 18, 2026, 12:00:00 AM",Commute,Virtual Ride,7706,48276.2,7706,7339,48276.2,814.7,167.4,635.1,180.8,139.2,166.8,92.1,1049.9,79.7
1000420,"Apr 19, 2026, 12:00:00 AM",Zwift Watopia,Ride,26391,164758.4,26391,25134,164758.4,2779.2,173.2,434.1,187.0,140.0,161.8,91.7,3583.2,123.8
1000421,"Apr 20, 2026, 12:00:00 AM",Commute,Ride,10062,59303.0,10062,9582,59303.0,825.7,157.8,579.2,170.5,127.7,162.4,87.2,1289.7,132.8
1000422,"Apr 21, 2026, 12:00:00 AM",Commute,Ride,13385,86320.3,13385,12747,86320.3,817.9,139.1,355.7,150.3,146.3,182.6,90.1,1877.3,148.4
1000423,"Apr 22, 2026, 12:00:00 AM",Recovery Spin,Virtual Ride,8171,45473.5,8171,7782,45473.5,366.5,130.2,457.6,140.6,176.7,163.2,83.1,989.0,111.6
1000424,"Apr 24, 2026, 12:00:00 AM",Long Sunday Ride,Ride,6866,43039.8,6866,6539,43039.8,236.6,145.7,431.2,157.4,119.1,180.9,80.2,936.0,117.1
1000425,"Apr 25, 2026, 12:00:00 AM",Recovery Spin,Ride,21229,160361.1,21229,20218,160361.1,1576.7,146.9,441.6,158.6,144.0,178.4,87.6,3487.5,161.8
1000426,"Apr 28, 2026, 12:00:00 AM",Long Sunday Ride,Virtual Ride,4677,29465.6,4677,4454,29465.6,185.2,132.0,374.4,142.5,152.0,174.3,85.4,640.8,94.4
1000427,"Apr 30, 2026, 12:00:00 AM",Morning Loop,Ride,23895,157928.9,23895,22758,157928.9,856.1,146.3,506.2,158.0,134.2,174.7,86.9,3434.6,170.1
1000428,"May 04, 2026, 12:00:00 AM",River Trail Ride,Ride,14043,102723.9,14043,13374,102723.9,454.8,136.7,419.7,147.6,137.9,166.7,80.8,2234.0,95.1
1000429,"May 07, 2026, 12:00:00 AM",River Trail Ride,Ride,3937,27078.5,3937,3750,27078.5,210.7,144.4,419.5,155.9,119.6,168.3,81.3,588.9,67.9
1000430,"May 09, 2026, 12:00:00 AM",River Trail Ride,Ride,10182,58633.9,10182,9697,58633.9,780.8,142.5,524.0,153.9,133.0,183.0,78.2,1275.2,30.0
1000431,"May 15, 2026, 12:00:00 AM",Coffee Shop Ride,Ride,8098,47586.6,8098,7712,47586.6,526.1,139.1,448.2,150.3,150.6,169.0,73.5,1034.9,110.1
1000432,"May 16, 2026, 12:00:00 AM",Commute,Virtual Ride,27038,154772.6,27038,25750,154772.6,812.9,147.3,388.2,159.1,142.8,163.5,78.0,3366.0,119.8
1000433,"May 19, 2026, 12:00:00 AM",Gravel Grind,Ride,5930,35740.2,5930,5647,35740.2,603.8,133.5,343.7,144.1,139.7,156.9,82.6,777.3,151.6
1000434,"May 26, 2026, 12:00:00 AM",Hill Repeats,Ride,4480,33290.2,4480,4267,33290.2,130.4,137.9,380.0,148.9,146.5,185.1,91.8,724.0,158.0
1000435,"May 31, 2026, 12:00:00 AM",Commute,Ride,8366,49564.9,8366,7968,49564.9,451.1,175.2,539.4,189.2,141.6,162.5,82.0,1077.9,98.3
1000436,"Jun 05, 2026, 12:00:00 AM",Hill Repeats,Virtual Ride,6086,34445.4,6086,5796,34445.4,560.9,185.0,715.3,199.8,134.9,180.3,83.4,749.1,72.5
1000437,"Jun 20, 2026, 12:00:00 AM",Recovery Spin,Ride,10555,58699.5,10555,10052,58699.5,898.1,141.6,476.4,152.9,144.1,174.1,77.5,1276.6,112.7
1000438,"Jun 27, 2026, 12:00:00 AM",Long Sunday Ride,Virtual Ride,15553,94316.3,15553,14812,94316.3,789.6,148.5,555.3,160.4,114.8,178.9,79.6,2051.2,111.3
1000439,"Jun 30, 2026, 12:00:00 AM",Commute,Ride,6560,43372.7,6560,6248,43372.7,434.1,133.6,349.1,144.3,131.4,175.5,82.4,943.3,65.7
1000440,"Jul 02, 2026, 12:00:00 AM",Long Sunday Ride,Ride,3306,18653.9,3306,3148,18653.9,125.7,156.3,445.8,168.8,133.6,181.6,85.7,405.7,155.2
